k_ge,P_ge
0.07500000000000001,6220.923099258642
0.08499999999999999,6294.363368700678
0.095,2047.0876971494774
0.10500000000000001,2042.242701386136
0.11499999999999999,2670.1670437192174
0.125,3245.354278612316
0.135,1755.5652161469884
0.14500000000000002,2296.900374578312
0.155,1541.8253968656184
0.165,1624.5529513824724
0.175,1176.0205770191562
0.185,1436.9434224578397
0.195,1261.3721429161383
0.20500000000000002,1419.4085588377534
0.215,950.1551157577863
0.225,965.3484952274407
0.235,984.0314604589448
0.245,765.721286729053
0.255,952.1827280284643
0.265,688.884839501969
0.275,762.2488866464465
0.28500000000000003,704.8280552907414
0.295,646.8291147945417
0.305,598.9634612679545
0.315,626.5625603439204
0.325,499.15627631774606
0.335,536.33441726875
0.34500000000000003,523.0476706237275
0.355,510.9694313289012
0.365,466.19961952268085
0.375,458.8149246714781
0.385,475.39659210377897
0.395,436.2897927062175
0.405,410.00116466627793
0.41500000000000004,415.6243413667917
0.425,399.9839454280623
0.435,376.64547740753585
0.445,368.2829711752853
0.455,343.3810495747543
0.465,332.9830780454819
0.475,315.0472550271489
0.485,305.85144835156586
0.495,307.5272591001139
0.505,291.18307734629377
0.515,300.3762838533099
0.525,281.36858656410624
0.535,259.409990943282
0.545,259.77466467060646
0.555,254.67815051703266
0.5650000000000001,248.41543079044456
0.575,243.23733324699813
0.585,250.23760657439783
0.595,212.6722759775825
0.605,220.61698358162707
0.615,220.66755141402186
0.625,206.9169255838573
0.635,218.5961057198506
0.645,214.47646699858194
0.655,197.36651889331745
0.665,205.62108446006658
0.675,194.9867018841714
0.685,197.94873638756997
0.6950000000000001,190.04062068551826
0.7050000000000001,187.83064680641615
0.715,179.95380395938048
0.725,183.08248793242842
0.735,176.85848854208018
0.745,177.30718088543912
0.755,173.38169429353715
0.765,158.26572830724209
0.775,167.76513213377459
0.785,165.60230186812458
0.795,160.56803892567652
0.805,147.7113774726898
0.8150000000000001,149.22837894366086
0.8250000000000001,151.25296386322046
0.835,149.5526477175574
0.845,141.20071119605365
0.855,144.36454916677968
0.865,136.43327513607585
0.875,138.44454341078185
0.885,133.15501609943732
0.895,130.86748845189538
0.905,134.13181368189967
0.915,119.85391376251728
0.925,131.87279752473714
0.935,128.4447783725846
0.9450000000000001,124.51872038598577
0.9550000000000001,123.07690185410502
0.965,119.56649573919513
0.975,122.79306129982272
0.985,121.89197298391481
0.995,115.56674257301249
1.005,112.21505020610013
1.0150000000000001,109.82034386979419
1.025,107.39060649584633
1.0350000000000001,107.45720890580273
1.045,108.82326138103736
1.0550000000000002,107.072439817455
1.065,106.512607583992
1.0750000000000002,107.09662235010774
1.085,100.57102714059685
1.0950000000000002,100.08855665720225
1.105,99.08312436415504
1.1150000000000002,92.45590585887885
1.125,96.77550742153352
1.1350000000000002,93.65714285900889
1.145,92.9072998566146
1.155,89.14134822781524
1.165,91.22086779023299
1.1749999999999998,87.44083683622793
1.185,86.89113924365785
1.1949999999999998,87.9315562988462
1.205,84.0873298264214
1.2149999999999999,82.91853633192898
1.225,85.34974025425434
1.2349999999999999,80.64132310902261
1.245,83.21357067896574
1.255,79.78696539391746
1.2650000000000001,79.83365301187774
1.275,79.8794529710149
1.2850000000000001,76.66460243414225
1.295,75.61357598874717
1.3050000000000002,74.39500686481678
1.315,72.82545019450261
1.3250000000000002,75.25755719381279
1.335,72.42079495492123
1.3450000000000002,70.5962588348521
1.355,69.60743739201126
1.3650000000000002,71.12988131900657
1.375,70.42218918669838
1.3850000000000002,68.29519325852326
1.395,66.85230823805898
1.405,67.68050710719655
1.415,64.89098344616364
1.4249999999999998,65.95788530524288
1.435,63.63813056926597
1.4449999999999998,63.23596893127208
1.455,63.303242967283666
1.4649999999999999,60.76656171456569
1.475,60.88703386912727
1.4849999999999999,60.17700836321496
1.495,60.82072358942119
1.505,57.87095564587772
1.5150000000000001,58.22280850236017
1.525,58.50394927300331
1.5350000000000001,56.382968314700264
1.545,56.17385240176
1.5550000000000002,56.917994166250324
1.565,55.16679771950498
1.5750000000000002,54.59462195974727
1.585,54.03956859662325
1.5950000000000002,51.90085640135039
1.605,51.786666540601956
1.6150000000000002,52.774588914143195
1.625,51.00814789413964
1.6350000000000002,50.13118555299137
1.645,49.8166067620807
1.6550000000000002,49.32091997009201
1.665,49.36290025601766
1.6749999999999998,49.02029279844878
1.685,48.53456369224716
1.6949999999999998,47.424803995215896
1.705,47.25697428019151
1.7149999999999999,45.18135183514161
1.725,45.89131423432854
1.7349999999999999,44.772628162853266
1.745,44.78452016208032
1.755,43.938221996977674
1.7650000000000001,43.81785892308876
1.775,43.619567163583774
1.7850000000000001,41.98988734255586
1.795,41.80499602396565
1.8050000000000002,41.70136121065171
1.815,41.14565000500271
1.8250000000000002,39.85645413905123
1.835,40.449173798539256
1.8450000000000002,39.4105119584485
1.855,39.21743352234089
1.8650000000000002,39.41923237164916
1.875,38.58123501551014
1.8850000000000002,36.83005421226135
1.895,38.31786310903935
1.9050000000000002,37.31788621929195
1.915,37.524379262061395
1.9249999999999998,35.56109117206889
1.935,35.231351932532434
1.9449999999999998,34.284992099373305
1.955,35.55568713919247
1.9649999999999999,35.16042029976907
1.975,34.324238092969225
1.9849999999999999,33.956775126129564
1.995,34.28413527156547
2.005,33.55553848747543
2.015,32.595938944541665
2.0250000000000004,32.673339763609874
2.035,32.94220919737305
2.045,31.93005432011863
2.0549999999999997,31.522884371948994
2.065,31.091795097482827
2.075,30.886589502901913
2.085,30.111915053380383
2.0949999999999998,30.417876859857994
2.105,29.779809995351034
2.115,29.56644357523308
2.125,29.423485146927195
2.135,29.070582235780112
2.145,29.618911333407524
2.1550000000000002,28.11396917484
2.165,27.940907716177197
2.175,27.282917530782182
2.185,26.87265394610116
2.1950000000000003,26.83836658889687
2.205,26.40613282513032
2.215,26.319315064748313
2.225,26.17202153524978
2.2350000000000003,25.611094881242536
2.245,25.19260558762829
2.255,24.530534762141457
2.265,24.841712262502043
2.2750000000000004,24.633684220480184
2.285,24.466718759311703
2.295,24.199579729544926
2.305,23.560344156892295
2.315,23.597934793546564
2.325,23.44130791245213
2.335,23.144216392427477
2.3449999999999998,23.43470987977258
2.355,22.604516811139646
2.365,22.179990294635033
2.375,22.41041849820031
2.385,21.67492149040481
2.395,22.116942898968613
2.4050000000000002,21.413309568776686
2.415,21.44529219622667
2.425,21.16990035847406
2.435,20.658600825395638
2.4450000000000003,20.720949572088887
2.455,20.229141507085842
2.465,20.24223318491009
2.475,20.17276374954711
2.4850000000000003,19.9043627224917
2.495,19.598059409490244
2.505,19.375898497099655
2.515,19.159886810753317
2.5250000000000004,19.246057100474257
2.535,18.5950177521619
2.545,18.414156368229268
2.555,18.348317975849795
2.565,18.17790770861937
2.575,18.013128600512346
2.585,17.897733232934907
2.5949999999999998,17.451719501280405
2.605,17.34449452634392
2.615,17.271201206375178
2.625,17.29064795760453
2.635,16.747514119101133
2.645,16.914415382857054
2.6550000000000002,16.742344124671153
2.665,16.16259315283688
2.675,16.178230466897187
2.685,15.670902170813541
